Nombre del Producto,URL de la Imagen
Epic Savings,https://cdn2.unrealengine.com/epic-savings-january-desktop-carousel-asset-40745b49cad4.avif?resize=1&w=1280&h=720&quality=medium
Play Marvel&#x27;s Spider-Man 2 on Epic Games Store,https://cdn2.unrealengine.com/egs-spider-man-2-carousel-desktop-1920x1080-23ec8b8a14e6.jpg?resize=1&w=1280&h=720&quality=medium
Pre-purchase Sid Meier&#x27;s Civilization® VII on Epic Games Store,https://cdn2.unrealengine.com/egs-civ-7-carousel-desktop-1920x1080-96ee200ecd64.jpg?resize=1&w=1280&h=720&quality=medium
Wishlist Kingdom Come: Deliverance II on Epic Games Store,https://cdn2.unrealengine.com/egs-kingdom-come-deliverance-2-carousel-desktop-1920x1080-0decb831a791.jpg?resize=1&w=1280&h=720&quality=medium
Wishlist 33 Immortals on Epic Games Store,https://cdn2.unrealengine.com/egs-33-immortals-carousel-desktop-1920x1080-8c08a05f64b4.jpg?resize=1&w=1280&h=720&quality=medium
Play Pax Dei on Epic Games Store,https://cdn2.unrealengine.com/egs-pax-dei-carousel-desktop-1920x1080-53ce3a8f23a8.jpg?resize=1&w=1280&h=720&quality=medium
Epic Savings,https://cdn2.unrealengine.com/egs-spider-man-2-carousel-thumb-1200x1600-a99f20cc1adc.jpg?resize=1&w=96&h=128&quality=medium
Pre-purchase Sid Meier&#x27;s Civilization® VII on Epic Games Store,https://cdn2.unrealengine.com/egs-kingdom-come-deliverance-2-carousel-thumb-1200x1600-12b7426cec6c.jpg?resize=1&w=96&h=128&quality=medium
Wishlist 33 Immortals on Epic Games Store,https://cdn2.unrealengine.com/egs-pax-dei-carousel-thumb-1200x1600-58790c645549.jpg?resize=1&w=96&h=128&quality=medium
Play Marvel&#x27;s Spider-Man 2 on Epic Games Store,https://cdn2.unrealengine.com/egs-civilization-vii-carousel-thumb-1200x1600-2dd8f312d7f1.jpg?resize=1&w=96&h=128&quality=medium
Wishlist Kingdom Come: Deliverance II on Epic Games Store,https://cdn2.unrealengine.com/egs-33-immortals-carousel-thumb-v2-1200x1600-55f2dc1cf780.jpg?resize=1&w=96&h=128&quality=medium
Play Pax Dei on Epic Games Store,"data:image/gif;base64,R0lGODlhAQABAIAAAP///wAAACH5BAEAAAAALAAAAAABAAEAAAICRAEAOw=="
Fortnite,https://cdn2.unrealengine.com/es-es-19br-marshmello-shinobi-marsha-social-1920x1080-06e6e09982b1.jpg?resize=1&w=854&h=480&quality=medium
Fortnite,https://cdn2.unrealengine.com/18br-giggle-social-1920x1080-e74cf7a3fa7c.jpg?resize=1&w=854&h=480&quality=medium
Fortnite,https://cdn2.unrealengine.com/fnbr-33-20-potc-shop-jack-sparrow-social-1920x1080-1920x1080-d673e7c44588.jpg?resize=1&w=854&h=480&quality=medium
Crysis Remastered Trilogy,https://cdn2.unrealengine.com/es-egs-dotw-crysis-trilogy-remastered-breaker-1920x1080-2fa634b2f195.jpg?resize=1&w=854&h=480&quality=medium
WE ARE FOOTBALL 2024,https://cdn2.unrealengine.com/es-egs-dotw-we-are-football-2024-breaker-1920x1080-d89e8a774410.jpg?resize=1&w=854&h=480&quality=medium
Consulta todas las ofertas de esta semana.,https://cdn2.unrealengine.com/es-sales-specials-dotw-breaker-asset-1920x1080-5eeaaa823081.jpg?resize=1&w=854&h=480&quality=medium
